ps_blit	gfx600	OK	40	ef6216b89f2c1772	-
ps_blit	gfx601	OK	40	ef6216b89f2c1772	-
ps_blit	gfx602	OK	40	ef6216b89f2c1772	-
ps_blit	gfx700	OK	40	ef6216b89f2c1772	-
ps_blit	gfx701	OK	40	ef6216b89f2c1772	-
ps_blit	gfx702	OK	40	ef6216b89f2c1772	-
ps_blit	gfx703	OK	40	ef6216b89f2c1772	-
ps_blit	gfx704	OK	40	ef6216b89f2c1772	-
ps_blit	gfx705	OK	40	ef6216b89f2c1772	-
ps_blit	gfx801	OK	40	8aa744b005ad2dbe	-
ps_blit	gfx802	OK	40	8aa744b005ad2dbe	-
ps_blit	gfx803	OK	40	8aa744b005ad2dbe	-
ps_blit	gfx805	OK	40	8aa744b005ad2dbe	-
ps_blit	gfx810	OK	40	8aa744b005ad2dbe	-
ps_blit	gfx900	OK	40	8aa744b005ad2dbe	-
ps_blit	gfx902	OK	40	8aa744b005ad2dbe	-
ps_blit	gfx904	OK	40	8aa744b005ad2dbe	-
ps_blit	gfx906	OK	40	8aa744b005ad2dbe	-
ps_blit	gfx908	OK	40	8aa744b005ad2dbe	-
ps_blit	gfx909	OK	40	8aa744b005ad2dbe	-
ps_blit	gfx90a	FAIL	-	-	instruction not supported on this GPU
ps_blit	gfx90c	OK	40	8aa744b005ad2dbe	-
ps_blit_rect	gfx600	OK	40	f2cd40cfbcb98ff4	-
ps_blit_rect	gfx601	OK	40	f2cd40cfbcb98ff4	-
ps_blit_rect	gfx602	OK	40	f2cd40cfbcb98ff4	-
ps_blit_rect	gfx700	OK	40	f2cd40cfbcb98ff4	-
ps_blit_rect	gfx701	OK	40	f2cd40cfbcb98ff4	-
ps_blit_rect	gfx702	OK	40	f2cd40cfbcb98ff4	-
ps_blit_rect	gfx703	OK	40	f2cd40cfbcb98ff4	-
ps_blit_rect	gfx704	OK	40	f2cd40cfbcb98ff4	-
ps_blit_rect	gfx705	OK	40	f2cd40cfbcb98ff4	-
ps_blit_rect	gfx801	OK	40	303ac07e1d3a915f	-
ps_blit_rect	gfx802	OK	40	303ac07e1d3a915f	-
ps_blit_rect	gfx803	OK	40	303ac07e1d3a915f	-
ps_blit_rect	gfx805	OK	40	303ac07e1d3a915f	-
ps_blit_rect	gfx810	OK	40	303ac07e1d3a915f	-
ps_blit_rect	gfx900	OK	40	303ac07e1d3a915f	-
ps_blit_rect	gfx902	OK	40	303ac07e1d3a915f	-
ps_blit_rect	gfx904	OK	40	303ac07e1d3a915f	-
ps_blit_rect	gfx906	OK	40	303ac07e1d3a915f	-
ps_blit_rect	gfx908	OK	40	303ac07e1d3a915f	-
ps_blit_rect	gfx909	OK	40	303ac07e1d3a915f	-
ps_blit_rect	gfx90a	FAIL	-	-	instruction not supported on this GPU
ps_blit_rect	gfx90c	OK	40	303ac07e1d3a915f	-
ps_comp2	gfx600	OK	116	160ce2968e7eb46a	-
ps_comp2	gfx601	OK	116	160ce2968e7eb46a	-
ps_comp2	gfx602	OK	116	160ce2968e7eb46a	-
ps_comp2	gfx700	OK	116	160ce2968e7eb46a	-
ps_comp2	gfx701	OK	116	160ce2968e7eb46a	-
ps_comp2	gfx702	OK	116	160ce2968e7eb46a	-
ps_comp2	gfx703	OK	116	160ce2968e7eb46a	-
ps_comp2	gfx704	OK	116	160ce2968e7eb46a	-
ps_comp2	gfx705	OK	116	160ce2968e7eb46a	-
ps_comp2	gfx801	OK	132	b2df442390bcce41	-
ps_comp2	gfx802	OK	132	b2df442390bcce41	-
ps_comp2	gfx803	OK	132	b2df442390bcce41	-
ps_comp2	gfx805	OK	132	b2df442390bcce41	-
ps_comp2	gfx810	OK	132	b2df442390bcce41	-
ps_comp2	gfx900	OK	132	a6c45773c90bd3f8	-
ps_comp2	gfx902	OK	132	a6c45773c90bd3f8	-
ps_comp2	gfx904	OK	132	a6c45773c90bd3f8	-
ps_comp2	gfx906	OK	132	a6c45773c90bd3f8	-
ps_comp2	gfx908	OK	132	a6c45773c90bd3f8	-
ps_comp2	gfx909	OK	132	a6c45773c90bd3f8	-
ps_comp2	gfx90a	FAIL	-	-	instruction not supported on this GPU
ps_comp2	gfx90c	OK	132	a6c45773c90bd3f8	-
ps_comp2_rect	gfx600	OK	116	1326c8c19cd113c9	-
ps_comp2_rect	gfx601	OK	116	1326c8c19cd113c9	-
ps_comp2_rect	gfx602	OK	116	1326c8c19cd113c9	-
ps_comp2_rect	gfx700	OK	116	1326c8c19cd113c9	-
ps_comp2_rect	gfx701	OK	116	1326c8c19cd113c9	-
ps_comp2_rect	gfx702	OK	116	1326c8c19cd113c9	-
ps_comp2_rect	gfx703	OK	116	1326c8c19cd113c9	-
ps_comp2_rect	gfx704	OK	116	1326c8c19cd113c9	-
ps_comp2_rect	gfx705	OK	116	1326c8c19cd113c9	-
ps_comp2_rect	gfx801	OK	132	83a9a867d07fabb5	-
ps_comp2_rect	gfx802	OK	132	83a9a867d07fabb5	-
ps_comp2_rect	gfx803	OK	132	83a9a867d07fabb5	-
ps_comp2_rect	gfx805	OK	132	83a9a867d07fabb5	-
ps_comp2_rect	gfx810	OK	132	83a9a867d07fabb5	-
ps_comp2_rect	gfx900	OK	132	b5f506874c1ebe62	-
ps_comp2_rect	gfx902	OK	132	b5f506874c1ebe62	-
ps_comp2_rect	gfx904	OK	132	b5f506874c1ebe62	-
ps_comp2_rect	gfx906	OK	132	b5f506874c1ebe62	-
ps_comp2_rect	gfx908	OK	132	b5f506874c1ebe62	-
ps_comp2_rect	gfx909	OK	132	b5f506874c1ebe62	-
ps_comp2_rect	gfx90a	FAIL	-	-	instruction not supported on this GPU
ps_comp2_rect	gfx90c	OK	132	b5f506874c1ebe62	-
ps_comp2_rect_a	gfx600	OK	120	bbc40e55c8b86c6e	-
ps_comp2_rect_a	gfx601	OK	120	bbc40e55c8b86c6e	-
ps_comp2_rect_a	gfx602	OK	120	bbc40e55c8b86c6e	-
ps_comp2_rect_a	gfx700	OK	120	bbc40e55c8b86c6e	-
ps_comp2_rect_a	gfx701	OK	120	bbc40e55c8b86c6e	-
ps_comp2_rect_a	gfx702	OK	120	bbc40e55c8b86c6e	-
ps_comp2_rect_a	gfx703	OK	120	bbc40e55c8b86c6e	-
ps_comp2_rect_a	gfx704	OK	120	bbc40e55c8b86c6e	-
ps_comp2_rect_a	gfx705	OK	120	bbc40e55c8b86c6e	-
ps_comp2_rect_a	gfx801	OK	136	e1e3effbb8bb6b04	-
ps_comp2_rect_a	gfx802	OK	136	e1e3effbb8bb6b04	-
ps_comp2_rect_a	gfx803	OK	136	e1e3effbb8bb6b04	-
ps_comp2_rect_a	gfx805	OK	136	e1e3effbb8bb6b04	-
ps_comp2_rect_a	gfx810	OK	136	e1e3effbb8bb6b04	-
ps_comp2_rect_a	gfx900	OK	136	176bd44b210165b0	-
ps_comp2_rect_a	gfx902	OK	136	176bd44b210165b0	-
ps_comp2_rect_a	gfx904	OK	136	176bd44b210165b0	-
ps_comp2_rect_a	gfx906	OK	136	176bd44b210165b0	-
ps_comp2_rect_a	gfx908	OK	136	176bd44b210165b0	-
ps_comp2_rect_a	gfx909	OK	136	176bd44b210165b0	-
ps_comp2_rect_a	gfx90a	FAIL	-	-	instruction not supported on this GPU
ps_comp2_rect_a	gfx90c	OK	136	176bd44b210165b0	-
ps_comp_sw	gfx600	OK	96	eedf4e988e90b873	-
ps_comp_sw	gfx601	OK	96	eedf4e988e90b873	-
ps_comp_sw	gfx602	OK	96	eedf4e988e90b873	-
ps_comp_sw	gfx700	OK	96	eedf4e988e90b873	-
ps_comp_sw	gfx701	OK	96	eedf4e988e90b873	-
ps_comp_sw	gfx702	OK	96	eedf4e988e90b873	-
ps_comp_sw	gfx703	OK	96	eedf4e988e90b873	-
ps_comp_sw	gfx704	OK	96	eedf4e988e90b873	-
ps_comp_sw	gfx705	OK	96	eedf4e988e90b873	-
ps_comp_sw	gfx801	OK	104	9e9d058b092c7cc9	-
ps_comp_sw	gfx802	OK	104	9e9d058b092c7cc9	-
ps_comp_sw	gfx803	OK	104	9e9d058b092c7cc9	-
ps_comp_sw	gfx805	OK	104	9e9d058b092c7cc9	-
ps_comp_sw	gfx810	OK	104	9e9d058b092c7cc9	-
ps_comp_sw	gfx900	OK	104	9e9d058b092c7cc9	-
ps_comp_sw	gfx902	OK	104	9e9d058b092c7cc9	-
ps_comp_sw	gfx904	OK	104	9e9d058b092c7cc9	-
ps_comp_sw	gfx906	OK	104	9e9d058b092c7cc9	-
ps_comp_sw	gfx908	OK	104	9e9d058b092c7cc9	-
ps_comp_sw	gfx909	OK	104	9e9d058b092c7cc9	-
ps_comp_sw	gfx90a	FAIL	-	-	invalid register class: vgpr tuples must be 64 bit aligned
ps_comp_sw	gfx90c	OK	104	9e9d058b092c7cc9	-
ps_sample	gfx600	OK	32	bb127bd696e489eb	-
ps_sample	gfx601	OK	32	bb127bd696e489eb	-
ps_sample	gfx602	OK	32	bb127bd696e489eb	-
ps_sample	gfx700	OK	32	bb127bd696e489eb	-
ps_sample	gfx701	OK	32	bb127bd696e489eb	-
ps_sample	gfx702	OK	32	bb127bd696e489eb	-
ps_sample	gfx703	OK	32	bb127bd696e489eb	-
ps_sample	gfx704	OK	32	bb127bd696e489eb	-
ps_sample	gfx705	OK	32	bb127bd696e489eb	-
ps_sample	gfx801	OK	32	5dec70a7da48bbc0	-
ps_sample	gfx802	OK	32	5dec70a7da48bbc0	-
ps_sample	gfx803	OK	32	5dec70a7da48bbc0	-
ps_sample	gfx805	OK	32	5dec70a7da48bbc0	-
ps_sample	gfx810	OK	32	5dec70a7da48bbc0	-
ps_sample	gfx900	OK	32	5dec70a7da48bbc0	-
ps_sample	gfx902	OK	32	5dec70a7da48bbc0	-
ps_sample	gfx904	OK	32	5dec70a7da48bbc0	-
ps_sample	gfx906	OK	32	5dec70a7da48bbc0	-
ps_sample	gfx908	OK	32	5dec70a7da48bbc0	-
ps_sample	gfx909	OK	32	5dec70a7da48bbc0	-
ps_sample	gfx90a	FAIL	-	-	instruction not supported on this GPU
ps_sample	gfx90c	OK	32	5dec70a7da48bbc0	-
ps_sample_fp16	gfx600	OK	40	e4a2a3c6984906e1	-
ps_sample_fp16	gfx601	OK	40	e4a2a3c6984906e1	-
ps_sample_fp16	gfx602	OK	40	e4a2a3c6984906e1	-
ps_sample_fp16	gfx700	OK	40	e4a2a3c6984906e1	-
ps_sample_fp16	gfx701	OK	40	e4a2a3c6984906e1	-
ps_sample_fp16	gfx702	OK	40	e4a2a3c6984906e1	-
ps_sample_fp16	gfx703	OK	40	e4a2a3c6984906e1	-
ps_sample_fp16	gfx704	OK	40	e4a2a3c6984906e1	-
ps_sample_fp16	gfx705	OK	40	e4a2a3c6984906e1	-
ps_sample_fp16	gfx801	OK	48	d3ef0e525768eaed	-
ps_sample_fp16	gfx802	OK	48	d3ef0e525768eaed	-
ps_sample_fp16	gfx803	OK	48	d3ef0e525768eaed	-
ps_sample_fp16	gfx805	OK	48	d3ef0e525768eaed	-
ps_sample_fp16	gfx810	OK	48	d3ef0e525768eaed	-
ps_sample_fp16	gfx900	OK	48	d3ef0e525768eaed	-
ps_sample_fp16	gfx902	OK	48	d3ef0e525768eaed	-
ps_sample_fp16	gfx904	OK	48	d3ef0e525768eaed	-
ps_sample_fp16	gfx906	OK	48	d3ef0e525768eaed	-
ps_sample_fp16	gfx908	OK	48	d3ef0e525768eaed	-
ps_sample_fp16	gfx909	OK	48	d3ef0e525768eaed	-
ps_sample_fp16	gfx90a	FAIL	-	-	instruction not supported on this GPU
ps_sample_fp16	gfx90c	OK	48	d3ef0e525768eaed	-
ps_scale	gfx600	OK	40	c78a8c927eaec961	-
ps_scale	gfx601	OK	40	c78a8c927eaec961	-
ps_scale	gfx602	OK	40	c78a8c927eaec961	-
ps_scale	gfx700	OK	40	c78a8c927eaec961	-
ps_scale	gfx701	OK	40	c78a8c927eaec961	-
ps_scale	gfx702	OK	40	c78a8c927eaec961	-
ps_scale	gfx703	OK	40	c78a8c927eaec961	-
ps_scale	gfx704	OK	40	c78a8c927eaec961	-
ps_scale	gfx705	OK	40	c78a8c927eaec961	-
ps_scale	gfx801	OK	40	4f53bed46fa2615d	-
ps_scale	gfx802	OK	40	4f53bed46fa2615d	-
ps_scale	gfx803	OK	40	4f53bed46fa2615d	-
ps_scale	gfx805	OK	40	4f53bed46fa2615d	-
ps_scale	gfx810	OK	40	4f53bed46fa2615d	-
ps_scale	gfx900	OK	40	4f53bed46fa2615d	-
ps_scale	gfx902	OK	40	4f53bed46fa2615d	-
ps_scale	gfx904	OK	40	4f53bed46fa2615d	-
ps_scale	gfx906	OK	40	4f53bed46fa2615d	-
ps_scale	gfx908	OK	40	4f53bed46fa2615d	-
ps_scale	gfx909	OK	40	4f53bed46fa2615d	-
ps_scale	gfx90a	FAIL	-	-	instruction not supported on this GPU
ps_scale	gfx90c	OK	40	4f53bed46fa2615d	-
ps_solid	gfx600	OK	28	14c67519adb12fb8	-
ps_solid	gfx601	OK	28	14c67519adb12fb8	-
ps_solid	gfx602	OK	28	14c67519adb12fb8	-
ps_solid	gfx700	OK	28	14c67519adb12fb8	-
ps_solid	gfx701	OK	28	14c67519adb12fb8	-
ps_solid	gfx702	OK	28	14c67519adb12fb8	-
ps_solid	gfx703	OK	28	14c67519adb12fb8	-
ps_solid	gfx704	OK	28	14c67519adb12fb8	-
ps_solid	gfx705	OK	28	14c67519adb12fb8	-
ps_solid	gfx801	OK	28	a43857c8bf2a34bf	-
ps_solid	gfx802	OK	28	a43857c8bf2a34bf	-
ps_solid	gfx803	OK	28	a43857c8bf2a34bf	-
ps_solid	gfx805	OK	28	a43857c8bf2a34bf	-
ps_solid	gfx810	OK	28	a43857c8bf2a34bf	-
ps_solid	gfx900	OK	28	a43857c8bf2a34bf	-
ps_solid	gfx902	OK	28	a43857c8bf2a34bf	-
ps_solid	gfx904	OK	28	a43857c8bf2a34bf	-
ps_solid	gfx906	OK	28	a43857c8bf2a34bf	-
ps_solid	gfx908	OK	28	a43857c8bf2a34bf	-
ps_solid	gfx909	OK	28	a43857c8bf2a34bf	-
ps_solid	gfx90a	FAIL	-	-	instruction not supported on this GPU
ps_solid	gfx90c	OK	28	a43857c8bf2a34bf	-
ps_vtx	gfx600	OK	64	15d6cd2cb0d8ae05	-
ps_vtx	gfx601	OK	64	15d6cd2cb0d8ae05	-
ps_vtx	gfx602	OK	64	15d6cd2cb0d8ae05	-
ps_vtx	gfx700	OK	64	15d6cd2cb0d8ae05	-
ps_vtx	gfx701	OK	64	15d6cd2cb0d8ae05	-
ps_vtx	gfx702	OK	64	15d6cd2cb0d8ae05	-
ps_vtx	gfx703	OK	64	15d6cd2cb0d8ae05	-
ps_vtx	gfx704	OK	64	15d6cd2cb0d8ae05	-
ps_vtx	gfx705	OK	64	15d6cd2cb0d8ae05	-
ps_vtx	gfx801	OK	64	59bb13d8ed7e2bd0	-
ps_vtx	gfx802	OK	64	59bb13d8ed7e2bd0	-
ps_vtx	gfx803	OK	64	59bb13d8ed7e2bd0	-
ps_vtx	gfx805	OK	64	59bb13d8ed7e2bd0	-
ps_vtx	gfx810	OK	64	59bb13d8ed7e2bd0	-
ps_vtx	gfx900	OK	64	59bb13d8ed7e2bd0	-
ps_vtx	gfx902	OK	64	59bb13d8ed7e2bd0	-
ps_vtx	gfx904	OK	64	59bb13d8ed7e2bd0	-
ps_vtx	gfx906	OK	64	59bb13d8ed7e2bd0	-
ps_vtx	gfx908	OK	64	59bb13d8ed7e2bd0	-
ps_vtx	gfx909	OK	64	59bb13d8ed7e2bd0	-
ps_vtx	gfx90a	FAIL	-	-	instruction not supported on this GPU
ps_vtx	gfx90c	OK	64	59bb13d8ed7e2bd0	-
vs_fullscreen	gfx600	OK	52	54a2f31d907aeecf	-
vs_fullscreen	gfx601	OK	52	54a2f31d907aeecf	-
vs_fullscreen	gfx602	OK	52	54a2f31d907aeecf	-
vs_fullscreen	gfx700	OK	52	54a2f31d907aeecf	-
vs_fullscreen	gfx701	OK	52	54a2f31d907aeecf	-
vs_fullscreen	gfx702	OK	52	54a2f31d907aeecf	-
vs_fullscreen	gfx703	OK	52	54a2f31d907aeecf	-
vs_fullscreen	gfx704	OK	52	54a2f31d907aeecf	-
vs_fullscreen	gfx705	OK	52	54a2f31d907aeecf	-
vs_fullscreen	gfx801	OK	52	4d09c6788ba88ea7	-
vs_fullscreen	gfx802	OK	52	4d09c6788ba88ea7	-
vs_fullscreen	gfx803	OK	52	4d09c6788ba88ea7	-
vs_fullscreen	gfx805	OK	52	4d09c6788ba88ea7	-
vs_fullscreen	gfx810	OK	52	4d09c6788ba88ea7	-
vs_fullscreen	gfx900	OK	52	4d09c6788ba88ea7	-
vs_fullscreen	gfx902	OK	52	4d09c6788ba88ea7	-
vs_fullscreen	gfx904	OK	52	4d09c6788ba88ea7	-
vs_fullscreen	gfx906	OK	52	4d09c6788ba88ea7	-
vs_fullscreen	gfx908	OK	52	4d09c6788ba88ea7	-
vs_fullscreen	gfx909	OK	52	4d09c6788ba88ea7	-
vs_fullscreen	gfx90a	FAIL	-	-	instruction not supported on this GPU
vs_fullscreen	gfx90c	OK	52	4d09c6788ba88ea7	-
vs_vtx	gfx600	OK	72	d70c60b214fb695b	-
vs_vtx	gfx601	OK	72	d70c60b214fb695b	-
vs_vtx	gfx602	OK	72	d70c60b214fb695b	-
vs_vtx	gfx700	OK	72	d70c60b214fb695b	-
vs_vtx	gfx701	OK	72	d70c60b214fb695b	-
vs_vtx	gfx702	OK	72	d70c60b214fb695b	-
vs_vtx	gfx703	OK	72	d70c60b214fb695b	-
vs_vtx	gfx704	OK	72	d70c60b214fb695b	-
vs_vtx	gfx705	OK	72	d70c60b214fb695b	-
vs_vtx	gfx801	OK	72	e8abfea8faaf14ac	-
vs_vtx	gfx802	OK	72	e8abfea8faaf14ac	-
vs_vtx	gfx803	OK	72	e8abfea8faaf14ac	-
vs_vtx	gfx805	OK	72	e8abfea8faaf14ac	-
vs_vtx	gfx810	OK	72	e8abfea8faaf14ac	-
vs_vtx	gfx900	OK	72	e8abfea8faaf14ac	-
vs_vtx	gfx902	OK	72	e8abfea8faaf14ac	-
vs_vtx	gfx904	OK	72	e8abfea8faaf14ac	-
vs_vtx	gfx906	OK	72	e8abfea8faaf14ac	-
vs_vtx	gfx908	OK	72	e8abfea8faaf14ac	-
vs_vtx	gfx909	OK	72	e8abfea8faaf14ac	-
vs_vtx	gfx90a	FAIL	-	-	invalid register class: vgpr tuples must be 64 bit aligned
vs_vtx	gfx90c	OK	72	e8abfea8faaf14ac	-
